        ,trip_distance,fare_amount,tip_amount
count,1071910,1071910,1071910
mean,1.812044659,8.456763217,0.784335588
std,1.221569342,4.017411294,1.190242338
min,0.01,2.5,0
25%,0.95,5.7,0
50%,1.5,7.5,0
75%,2.3,10.1,1.5
99%,6.09,21.5,4.3
99.90%,8.7,31.5,7
max,16.8,200,144.4
